UUID, brand, product
b0c245e2-47c3-4001-a8fa-22873c5af8c4,Volvo,C30
8be653a3-4b74-4d90-b641-03b77cb6f3e0,Chrysler,LeBaron
c4fb71f0-5415-4b5f-9e42-be07eb63a561,Suzuki,Daewoo Lacetti
0e18f490-dc6b-4ef3-a870-0191a0b71141,Suzuki,Verona
f9445936-a2e9-4538-af78-d8dd1e0c4a03,Saturn,L-Series
7470392e-f9f9-43c3-bf7f-2fe77770a480,Buick,Roadmaster
35bb2ea5-6dc5-4bfd-bd98-8ce051aec9fd,Mercury,Mountaineer
f8549102-73c6-4edf-a71e-48d6fd8a2a00,Audi,A8
dc38c4f3-a717-4335-a1b5-46f88c672bcc,Kia,Spectra
7d95545a-fb21-45e9-9e46-f422a1cb14b8,Hyundai,Sonata
5d4cbac3-1445-4a03-b230-b7e8bf0c9f0e,Subaru,Tribeca
1fe34337-010d-447c-8b1f-2e3eef31a3a6,Volkswagen,Rabbit
ae30056f-15ae-441a-aa96-f361920bcd02,Subaru,Impreza
8ac0c8f9-dfd0-4632-b4e6-fabeded24347,Suzuki,XL7
e4509b50-8bb2-402e-aa44-4d4382031d8e,Toyota,Sequoia
38634f3a-dca4-460f-a67e-5a566ca1c562,Suzuki,Reno
81896f6b-eed8-4aca-9df1-4a53982d6965,Dodge,Ram
03a780a3-1d62-42f0-91d7-5c1280cda185,Bentley,Brooklands
c91d20ab-12c5-4ed0-be86-aedee6745b90,Toyota,Supra
38d6da30-c029-4858-9159-571c35e9e124,Toyota,Sienna
96c4797d-d247-4078-b3fc-cdabb4ee8f1f,Chevrolet,G-Series G10
cfa33d6a-0564-41be-a9bb-1f9b392fdd3c,Nissan,Armada
9c96ce0e-4aa2-4dfa-bbc4-79a4e795f011,Oldsmobile,88
131f8d28-f7af-430f-937f-a7cb4f206125,Toyota,Prius
5b52cd74-9249-4b04-84da-9c61b0996b61,Lotus,Elise
2ec9eda5-fdfc-4084-a377-e3a10b0d71e5,Aston Martin,DBS
4ed75138-0e57-4546-a6f1-7e7cf3f59fac,Chevrolet,Silverado 2500
0a53ddde-a0a3-47c8-9c04-daa260258654,Hyundai,Tucson
9b0a4eac-cf47-41a2-8cec-4ef98b28ba4c,Dodge,Ram Van 1500
17b5cf73-6bdd-4d60-8399-b8cea3cfa2d0,Ford,Expedition
08a1c684-15ef-4067-88dc-52230d30f056,Chevrolet,Silverado 3500
f530282b-56c4-4294-a8e5-3549353201e0,Buick,Lucerne
506387cf-c3c2-4126-8d36-fe0011d1cf98,Cadillac,SRX
eff8d238-eb52-4077-9f03-ac667c2a8192,Lexus,SC
fbdb1bd7-8aaa-42f5-a398-4335e71eb3dc,Honda,Insight
b419ccf8-caea-4f9f-b328-fe962329af3f,Dodge,Dakota
15ba994e-3765-4321-8169-a4d16edef7eb,Mitsubishi,Diamante
54bc0caa-6164-4784-b306-b4f3b7e22ea0,Subaru,B9 Tribeca
6a498298-06b4-4148-9633-4473fef07fdf,GMC,Sonoma
c47b0be2-1200-4a5e-b688-e27fbd561620,Audi,Cabriolet
c7f314d4-5640-4084-b0eb-a595fecada10,Maserati,GranTurismo
b8a7be1e-a832-4b4c-ac26-90926036ed0c,BMW,745
7a85f414-1377-4c9e-9fdb-f77368a7793a,Nissan,Maxima
4f77f853-329f-4047-860c-54bd6c525350,Lincoln,Town Car
dea9c076-19c1-49a9-88e1-5b4e136a4a23,Chevrolet,Avalanche 2500
7a6ee450-a2cc-4cca-ae45-132cfd70d074,Kia,Borrego
cdfcb109-b42a-4698-ac19-201cf34da959,Mitsubishi,Cordia
46af062b-e61e-4822-85d2-9472e2477508,Suzuki,Swift
76be3356-44c0-4061-9a55-46c82222c7ab,Infiniti,G
23648cf5-ecee-4d19-a9c4-f27e0db3800a,Saturn,Aura
76287ee5-8075-49d3-b018-ffc9f8136ecc,Hyundai,Elantra
3cd453e8-fd47-4b6a-bc90-fb01d0f8ca1d,Porsche,Cayman
bfd51202-d501-4844-bbf5-5e85928a3f0e,Honda,Odyssey
8ba7dddb-58f5-495b-bd21-da20ce6b66d0,Porsche,Boxster
3eb4540b-fbd5-4fcb-ac9a-1c0dc8562e08,Geo,Tracker
225d6897-13aa-4b29-9593-86e534e329b4,BMW,7 Series
35453f88-1434-4d99-bd94-d91cfea3f522,Nissan,Xterra
bea92a5a-4009-4786-8bd7-97c066f0d5f7,Mitsubishi,Challenger
fc475d61-717f-427b-8936-f6f12fcf4a44,Oldsmobile,Silhouette
afba63cd-72eb-4b15-a1d2-95fec89d0d57,Nissan,300ZX
21c3a3d1-8745-4939-8d07-1de9d48f707f,Volvo,XC90
73d0a672-6e0c-455c-949e-80788abff4db,Nissan,Sentra
ecb39888-f014-4c7e-aa49-0ca7260464c9,Chevrolet,Beretta
efffc5f7-bb64-4f10-9cee-355f72747dcd,Ferrari,612 Scaglietti
e9e709a3-d3c7-43cd-b2a2-c268ddf09d03,Jeep,Grand Cherokee
35377348-b3a9-46ee-9661-d6f32330d0e3,Mitsubishi,Galant
816bd8cf-1f3c-48c7-bdb4-eccc52a799fc,Scion,xD
61a72f4d-bfae-4f3b-b5f7-4393e9a269c7,Lexus,IS-F
a90f808b-1582-4bb3-9fef-6b4793d8a4bb,Toyota,Paseo
f6f48597-51bc-4996-8c13-784ddfd21045,GMC,Sonoma Club Coupe
b21362d4-7627-403c-8cb7-5f6f65a51c22,Hyundai,Azera
100c8883-7184-4b15-b48f-5d8bdc731bed,Honda,Prelude
99fcdcbe-77bc-4bae-9e4f-13c0213f7965,Chrysler,Town & Country
693dd172-e571-46d8-9c82-b60e8ab4235b,Subaru,Brat
606ad511-0fb7-416f-8d65-a394be8f975a,Toyota,Echo
97c8e27f-fa46-49b3-b46f-26645c9f605e,Chevrolet,Impala
62837c81-3316-45f5-b23b-f01aa99f3fd7,BMW,Z4
986d9f2f-4c6b-49e1-8899-aaeedf149f22,Pontiac,Grand Am
cc1b1f85-8a0c-4587-bfea-ccab2a2459fc,Maybach,Landaulet
5b1ba196-2a9a-45a7-b963-95c5c8a32139,Nissan,Frontier
3079f26f-c4e2-428b-87be-9281e2ecf321,Suzuki,SJ 410
64a538a4-d93e-4e72-b63b-058d491c7576,Dodge,Ram 2500
0e691d05-2960-4c52-b680-3ba4ab7ba490,Chevrolet,Blazer
35163e13-9ffc-43e1-8e50-7a8de9b8f2e9,Mercedes-Benz,SLS-Class
314aa4c7-9c06-4188-9589-6f3ec7898da9,Geo,Prizm
e83ec879-1d4b-4c1c-9a72-2d82eb29e55f,Suzuki,Esteem
1c2583b2-f582-4f0b-903b-f0315c1f359c,Ram,1500
aa8e2541-bd4b-495a-9a11-84d4e7850206,GMC,Yukon
0fb316bc-28a3-4403-a1c0-1c8bffcc27b3,Volkswagen,Touareg 2
58ce3d95-1df0-442e-abad-29627026daf2,Ford,Th!nk
06cbcec2-9500-43dc-a828-8a01a68146dd,Mercedes-Benz,C-Class
27297a9e-40cb-4657-b355-75c78e4ba353,Kia,Rondo
8f6f51da-c1d3-4c89-a21c-d755fb7e917a,Subaru,SVX
54946369-3256-456e-8b70-7a4e929f6bc6,Chevrolet,Camaro
91696bde-2a26-471b-8e69-ee3e9f3f2840,Lexus,IS
2000f47d-dbcf-4ec7-99ed-d3623b1b0c42,Audi,A3
5a850802-2033-46ac-97ce-ef706dca11c8,Ford,Escape
fc7eb45e-1f78-4f20-878a-f95812b1e8bf,Bentley,Continental
14684b28-3380-4cf4-9952-df21dd0b93e8,Mitsubishi,Pajero
41c894e6-b078-469f-85e0-26b330a7c09b,Mazda,626
b1d8a5b7-75f5-4524-9e69-079f8d3fc8df,Toyota,Camry
9271083a-ab43-4539-ab13-5847179d3c51,Toyota,Venza
6931a991-1fb9-499d-825f-86b785687fae,Saab,900
5afb6588-a15f-443c-832f-7af0368da5ec,Porsche,911
92bc50b6-4960-4d70-b74a-3af70fe0e0f3,BMW,530
f0392ec9-d158-46de-af39-25e40d99fe86,Ford,E350
f1498a27-59ac-44b7-8bdd-7b62abefbd99,BMW,M
f7168ae9-8f6b-44c8-91cb-1d7199ce0f96,Chevrolet,1500
36af17b9-e1c3-4930-b694-6917255abb83,GMC,Sierra 2500
b0d046d0-7de0-47d9-b841-8f9050388f10,Kia,Rio
dbaad5f7-40d7-4991-a4b4-895e1524cf14,Pontiac,GTO
1f14a281-2ad9-4ea9-bcc4-b3bf1f651132,Chevrolet,Monte Carlo
d518c507-c07f-44da-8292-83083ad63b3f,Cadillac,Seville
c0813055-b459-4970-90e9-cc90662de763,Alfa Romeo,Spider
79015f6a-ce98-46f8-a538-488236d32daf,Ford,Explorer
aa0391b8-b7ca-4fb8-96bc-a19859c681fb,Mercedes-Benz,300CE
83cc7619-4ac0-4851-891c-19530cb38768,Lexus,LX
8049040c-93eb-4a60-951a-c28a53a92527,Ford,Econoline E150
42599e1e-9a7f-43f5-a28a-e388ec2c7c32,GMC,Rally Wagon G3500
e8e2e1c7-b0cf-4c8a-9f4a-bf5f867bfbdd,Mazda,Mazdaspeed 3
1feda572-b2ab-4d3e-9a0e-0cbf4e47012a,Dodge,Charger
967a32a4-b5b5-4c0b-8877-09f62ac27af4,Toyota,Truck Xtracab SR5
9ca43605-0e9a-421f-b2f5-20fb79698198,Infiniti,M
c21a4d69-673c-4ee5-8cae-ecf70ad7bcff,Volvo,960
f22639b4-22bd-4d61-b9de-848b96962356,Audi,100
052a4271-5c38-4c02-bf8a-d5cc0ae91f15,Pontiac,LeMans
ea045f46-9ec5-4b5d-b10c-16b478dcc760,Acura,CL
21de71a4-ae18-4265-8780-8fbb06ef9a32,Nissan,NX
fbf2a7ea-4a01-4a7a-b20f-af5404fd6926,Toyota,FJ Cruiser
bc2e0003-c5f6-4c68-97a7-52306d563596,Maserati,Spyder
55cd0a18-aa95-4a52-99ac-6e3dab30fb56,Chrysler,Concorde
60e74656-6542-4624-96dc-6b2597e7d32f,Mazda,Protege
64989bb8-4b79-4b40-aa36-eb64dfb32d1f,Buick,Regal
fd818c8f-130a-45de-9787-a2ec4b120d4b,Bentley,Continental Flying Spur
fc83a669-e9c6-4339-8efe-4fa7f399923f,Chevrolet,HHR
ce27b9ab-3cd0-4676-8078-01b63c40f44b,Volkswagen,Passat
e3133d75-5a4a-4457-aab8-2a1d1e3f7a12,Pontiac,Chevette
750dedd7-2efa-484a-9679-18cbc8c9d8e7,Cadillac,CTS
ab31bc23-2e22-4749-8bf4-78ecae4efbd9,Dodge,Ram 1500 Club
246bf03a-4d7e-474d-aebd-e46531edb5af,Land Rover,Discovery
2281b0fb-5958-4f64-820d-dffdd25e9711,Jeep,Cherokee
79535591-166f-4c0a-b213-90d614b03428,Isuzu,Rodeo
ff26ea47-6cd0-472e-a957-1dcfa38bf171,Dodge,Ram 3500
022ee186-9ce9-4883-a88b-f647ff6ebf60,Mazda,B-Series Plus
e3668947-b7cc-4bb8-abc1-356a73fe6200,GMC,Envoy
c4cdb7c8-3ce2-4d65-a263-903267205ef3,Lexus,RX
5b193080-51d3-409f-934b-e3a8a8672753,Hyundai,XG350
a220f7e5-9c06-41fe-88f7-8ba8069488f5,Mitsubishi,RVR
cfd449af-6fac-4a1a-b547-ff96c6552640,Cadillac,Catera
fe18b34c-9ce3-4d2b-9233-196a5d42278b,Mazda,Familia
6f72d16f-42f0-4401-bf17-958a24687f14,Volvo,V70
6acd7e98-c0fb-4865-b0aa-d1876572cd99,BMW,M Roadster
2c659afb-ed7f-4c24-a4ce-ddb906afb513,Mercedes-Benz,CL-Class
f964d2ff-c221-48d4-a2b2-001e4c6d12a0,Subaru,Justy
079c9bcb-79eb-4ebd-87fb-f6ca8f507070,Dodge,Stratus
ff3589ba-323d-4b65-8c46-a994bf28603c,Toyota,Prius v
44ea1c22-c033-441c-bef0-1a5b063aa762,Mazda,MPV
aaac143b-d20f-4f1c-a054-31978754440b,BMW,1 Series
37c33cab-f417-47ba-ab51-60bec2e138d3,Hummer,H3
777fbdeb-900e-4cd9-adcf-a7f13a2c8b4a,BMW,X3
24d43864-5e39-47d9-b9c9-8972e7049fcf,Kia,Sephia
70340c1e-d3ba-468b-b3fb-fcd4fef4e1e0,Chrysler,Fifth Ave
d7aca03e-0f69-4130-9933-4c21e7e7761d,Cadillac,DeVille
705a9395-3492-42c9-8a84-bf03e448657f,Mazda,MX-5
86265da3-7d42-4dec-abff-0c2936d60f0d,Buick,Century
fe461c5a-b483-49bf-b1ac-f4bd3e724169,Mitsubishi,Outlander
1cbd817b-da7e-4a4c-84d0-0010d5341d2c,Audi,TT
669edcf1-a3d7-4eeb-99f5-d87675a58a58,BMW,X6
3c9e5079-0247-4661-b53c-f5cdb26c6f6d,Suzuki,X-90
6ec26676-90b7-496a-856c-75f16357a394,Ford,Thunderbird
b2cf183b-8711-47ca-9385-5e5d015c5393,Chrysler,200
6e036600-fb3e-489a-810f-d244c2926746,Mitsubishi,Chariot
b2c5392e-a11c-4ce7-8615-f78d9fd8ed6b,Dodge,Dakota Club
a2a9aae5-15db-46e3-b9c2-9a545d933c4c,Mazda,929
21987d25-ce4a-4a5c-9122-412304e33976,Volkswagen,Eurovan
b92eb3d7-30e8-4784-80b1-ce96f4e73216,Subaru,Outback Sport
1ca165ef-862d-4c54-8f36-80333c658113,Audi,Q7
854a3fc0-c1e8-4cbf-a1b1-a4e0b2a94961,Chrysler,LHS
13851932-b887-4e59-b200-e82f34ec5be2,GMC,Vandura 1500
4d3c1bb7-be4d-4289-85a9-2326990ce087,Lincoln,Navigator L
bcf80ff5-2a75-4a11-ac8b-c52853c1e845,Volkswagen,Eos
696df2aa-fc68-4577-ae1b-3659a43e8ff5,Scion,xB
2b4f6622-0a99-46f5-8fbf-00b367c6f49a,Land Rover,LR4
dae4c78d-39af-4fe9-b359-28d6c62657d5,MINI,Cooper
0f7da102-3d8d-4a99-ab6a-c162ad3e4b09,Volvo,S70
fc62b615-a01b-47ed-87da-fee61e9b7b70,Chrysler,Sebring
306b2080-6cc9-4669-ba1f-1eb8915aeee1,Bentley,Continental GT
ef607754-3551-4824-ba6e-3c05eb5dcd2f,Chevrolet,Venture
a8ce836b-49c7-41af-911a-c9377b76c9cf,Chevrolet,Tahoe
46e52d0e-16f5-404e-a7c9-b272bceac558,Chevrolet,Lumina
a1c201c3-801b-4a7b-8718-8e75425f4009,Mazda,323
049e0c5f-bbf0-495c-8167-15ad65783682,Dodge,Intrepid
7b7cb613-a2ae-450e-bcbc-f96f0427aa5a,Buick,Terraza
ca306ed9-41c4-4a61-8130-5b6c4b0d7f7e,Aston Martin,Vantage
7c15eb81-7b63-4f29-8938-b77f22454eb8,Mitsubishi,Montero
3def1c66-16ad-4fc8-b576-b7d0bcefe3c0,Mitsubishi,Tundra
297a469e-ddd5-4672-b9ad-24ce799569d0,Pontiac,Monterey
3b5f9eab-2a24-4c2c-b34b-dd768f7823df,Hyundai,Accent
ba857862-b3d6-449f-b819-ef8643e8d8b3,Audi,RS4
f62a3907-b026-4f00-9a2f-e3a3ad2865c3,Ford,E150
2ad58274-52aa-487a-ba11-38cc4922c4e0,Pontiac,Firefly
e975dfb0-3c18-41e2-90e8-922076a6a63e,Ford,Lightning
44fbb319-537e-47b5-8be7-833f09c05f41,Dodge,Ram 1500
6c88b235-4985-44f3-ab56-9fd6e3bd8184,GMC,Suburban 2500
349f447a-acf1-43e0-986c-a779763f37aa,Mercury,Capri
0923d62a-941f-49d2-ac72-a01ac014a3c0,Dodge,Neon
9d9039e0-8acb-4166-aae9-88c6db798bf3,Buick,Rainier
0d31ba5d-1603-4d38-bd5a-8537bb0f764d,Mercury,Mariner
7e9803cb-4e49-4e5b-92de-2a4bd608aea5,Chevrolet,Corvette
904eb1c2-9fc7-453f-99ce-7beaa5bd1994,Mazda,MX-6
6c64d198-5a56-4d78-bec7-6c18fa38274f,Ford,Aspire
ff80e478-25ca-4fbb-908e-029bdedba03c,Suzuki,Grand Vitara
35009e7c-0dba-432d-b1fa-0f9dee7f6888,Bugatti,Veyron
5ae24388-69eb-4faf-8006-456c2f89b8b3,Honda,Civic
57e4b138-1fd0-4dc1-9b44-bd5a56a7810b,Saturn,Ion
cc20c1a9-fdad-4dac-8a70-755783cfd0e3,Nissan,Rogue
b3cf1fd7-140e-410b-84cb-b0bbaf32afdc,Toyota,Yaris
fd8c691d-9730-45bb-859d-0f6d2d7cd415,Mercury,Lynx
9c237e82-4c9f-428a-9af4-4e36b9cfdc3c,Chevrolet,Malibu
f31e33c8-e887-4f3b-9bc4-a1bba1c20d51,GMC,Rally Wagon G2500
543e1d97-8a3a-4732-8e75-cda5e5d8cb2f,Mercedes-Benz,G-Class
6cc3ceef-0e7b-4f26-950d-e23549fb1835,Ford,Probe
5abff5c1-1b81-4e06-9d08-257ecde966e1,Pontiac,1000
73a3acde-0f32-4d27-b667-65492ae2fd2c,BMW,X5
19af36df-3f90-46d7-9437-4df5cba801d4,Rolls-Royce,Phantom
a0cc2d74-7db4-4c40-b867-1baee5a5c7ad,Chevrolet,Express
3282df96-7e66-4702-8f3a-013c35a03a59,Honda,Accord
2f2cf846-a370-4362-b5bf-3c65f222210f,Dodge,Viper
eecf86b6-5d87-429f-bd55-f45cb424bbdc,Toyota,4Runner
96c12085-76c7-424d-8bc1-5016215631df,Dodge,Viper RT/10
898e8449-fb76-4b88-9228-df03047655f5,Aston Martin,DB9
a1785958-4159-4b7f-87e8-c5324832a57b,Plymouth,Neon
af80241b-d987-45d2-972e-dfb210e02a28,Jaguar,XF
71a07d57-dd17-41f9-b97e-af516f96403e,Dodge,D150
1a4ccd15-c2b2-4fd6-a58c-0c30572fe90f,Subaru,Baja
ec769095-a329-474b-908e-41d33505817a,Suzuki,Sidekick
f4e0ed51-20aa-4761-a1da-fdaf60630bcb,Pontiac,Grand Prix
50f9eae8-776c-4485-b61c-94509cf62aea,Mazda,Millenia
4e4be9d1-9139-4d47-aa9f-e7fafb4ecc67,Buick,Park Avenue
f401fa52-f12c-4ef2-8e42-139bf1f1140c,Daewoo,Nubira
537614d3-1c19-4f24-bcad-4c468c08ddc9,Suzuki,SX4
389941d6-dd88-493b-bfdd-6a43a3a8e67c,Mazda,B-Series
d52ed557-787f-4230-b032-5cfb3d450203,Plymouth,Colt Vista
5c3a0a6c-8d67-4964-a0c7-b8ac7215e592,GMC,Savana 1500
186a2352-4994-4fef-96a8-1069e9eef7d5,Ford,Flex
0ec478b0-f98d-4a96-ba3b-423a7faca37c,Maserati,Quattroporte
f862d452-8431-421c-bb37-f6bf0bfd21a9,Subaru,XT
d8b6b142-a366-4707-a975-a69e44368389,Jeep,Wrangler
b8025626-ff99-43be-aec9-ecfa6000d1f1,Toyota,Celica
a369cd02-993e-4768-bd58-a4d37643da31,Mitsubishi,Lancer Evolution
eba019cd-f5a0-4721-b922-bda2284d45e7,Mercedes-Benz,S-Class
0672fb06-1e57-4384-ab34-31658ea62596,Mercury,Grand Marquis
6bfa25cc-6304-4021-b4cb-6ff429348edf,Porsche,928
bdf977dc-83aa-497c-8fa7-6ae9425fd629,Volkswagen,CC
1369ca81-822e-4e7b-a5b0-61471c9f9018,Ford,Taurus
6d473987-5a89-4ff0-92ea-bc3469b6731c,Chrysler,300M
543ed8c1-78fd-4776-a310-2dbf1daa45be,Mercury,Cougar
499d46c9-446c-419c-93a7-ec925ca5b0e4,GMC,Safari
8e2fe29f-0f23-43ef-9dc0-52da45a2e314,Mercedes-Benz,300SD
fd60489a-8bd3-4e66-95c6-ce80b62450ff,Cadillac,STS
cc169ca4-4a92-42a9-8d83-f5e47f43b678,Chevrolet,G-Series 2500
9ab62e08-5671-41a3-86c2-e95cf49805bf,Suzuki,Forenza
3bbd1d48-a430-4880-abff-4411a276f607,Jaguar,XJ Series
e66295da-eb71-44cb-9430-429ee08983fe,Ford,Tempo
0207cb0d-4ae6-40a7-9497-3c84e38d250b,Saturn,Sky
131271f2-2f6b-410a-ba65-3dff19ddd327,Dodge,Durango
b290f725-890e-43f0-90e9-b383acb4cd77,Saab,9000
241c6ccb-9182-4221-a77f-e5774ea50a3d,Saturn,VUE
dc3ad8bb-be9e-4177-b027-5720a3d2ee58,Hyundai,Santa Fe
9de6719f-c4c4-48f4-8324-48b7af28c914,Hyundai,Veracruz
446ae56c-5834-4adb-a424-1382ef795adb,Volkswagen,Routan
0fa25497-1154-4ff6-8f12-ca1731e6289a,Ford,LTD Crown Victoria
9dcb9e5d-5854-472f-858d-c54ebc62bda3,Mercedes-Benz,CLS-Class
2f1df4f8-54a3-4227-8ce3-a28d9f30c1cf,Chevrolet,Suburban 2500
2ea05dd3-5ad5-4b5d-a947-e37e1b4aa679,Oldsmobile,Achieva
24b5b63a-6ea5-42e3-892d-21028a15b906,Buick,LaCrosse
1bb9c7d1-69a1-42ea-804a-31641af08d0a,Ford,Aerostar
bb8ebeb9-cab9-4771-a63b-30011f26301a,Nissan,350Z
5e828d78-ffc6-43c6-86e7-cb5773bb640e,Mazda,Mazda6
6872f3a0-6aa2-4148-aabd-c89298dc10cc,Acura,MDX
e1eda6bf-1daf-4c7a-8a5c-e76615993c2d,Ford,F450
b7cbcc39-cac7-4a96-a27b-97967b6c5329,Mitsubishi,Sigma
3e0f2c82-107f-42a1-80f8-4c6598be967d,Volvo,XC70
175da16b-5012-41ba-b93c-fc4f19d93d3b,Toyota,Tacoma
5a75640e-5ccb-473c-ae96-18109f492252,BMW,525
ae88c1db-f949-43f6-925f-a7c629fd579a,Infiniti,Q
869dd078-aa4b-4736-b256-b18d82d6c883,Audi,4000s
e111d4a0-a186-4507-8516-5fd4ea52ebb7,Subaru,Outback
9617ca2f-833d-4689-ac66-0e2da16c28b1,Scion,FR-S
d1ea83a2-29e7-49d7-b928-0eba165df5aa,Suzuki,Aerio
a20c9481-e1bc-4d25-8a10-db9ecc4dcdc9,Chevrolet,Cavalier
610382ae-3e53-44f9-8286-f589d1654573,Honda,Ridgeline
9bef6a83-bf35-4365-820f-9b7869214749,Lamborghini,Diablo
49e0e584-b1d1-4c96-9496-24cdc438f365,Chevrolet,Caprice
11843a76-0c56-4f99-bb4b-4681f8046fd9,Ford,Club Wagon
0005be22-74e0-4b8e-8dbe-30a39b2a5151,Mercedes-Benz,SLR McLaren
a3998005-0d79-4441-a121-424cd00603fe,Toyota,Tacoma Xtra
7b0c0058-d497-4f3b-8dae-db68ea99d294,Cadillac,Eldorado
bd616b24-7a8f-40bc-b9a9-eda65a833cc9,Audi,80
3b35ee7e-4345-42dc-bd14-09ed6522a73c,Audi,A5
18130e8e-a600-4562-80ed-253d92b67cae,Subaru,Alcyone SVX
33408df5-6afa-42d0-8f54-390634cc0e39,Dodge,Caravan
a1e1f32b-f13e-4521-8b28-ce27c4cb7d28,Ford,Econoline E250
7d695bce-4d2c-4251-9772-84eed239c246,GMC,1500 Club Coupe
2d946e8b-6a29-4f65-b7ed-ce5a25e29c3c,Ford,Focus
7bc223fa-3392-4885-a87f-78a177b41e7f,Suzuki,Equator
dd5c7c53-23e2-4f20-b03f-1059ba5921cd,Isuzu,Amigo
de0f0ac7-0a20-45cf-a76f-41c9bc94e755,Subaru,Forester
d0422185-80d9-4eae-b038-91cfdf15cf10,Plymouth,Grand Voyager
91a9e62d-0114-4bc1-9688-2c694e1fe3ed,Toyota,Land Cruiser
777e4d34-c18a-4c4a-af42-1719dab5bf22,Toyota,Corolla
40389092-a6c6-4814-95bc-3c156079c1ee,Audi,S5
26b87dc1-2067-45ff-9db7-e6d1d16462a5,GMC,Sierra
3c721927-32f6-4df7-abe7-f25e06e23744,Subaru,Loyale
fd527eb7-25b6-45d9-ac7e-2ce5e981a4dd,Volkswagen,Touareg
0521589f-44ea-44d1-879b-8f97674f6894,Toyota,MR2
dde003e7-68ed-4b78-a46a-694aac039ee2,Acura,RL
07136e3b-5c33-4394-b937-9885d2e40b8f,Toyota,Highlander
a3110ce1-fde6-4364-9b61-17a1d4ce4b24,manufacturer,name
35c0dc69-0e5e-4278-b1db-32147a22ea38,Audi,5000S
b6f6ebff-c01b-42d7-a2e1-752ed2e4f0b5,Nissan,Pathfinder
4b193aca-fda3-4b9b-a145-b98cce8c57f0,GMC,Savana 3500
894d2497-e347-4910-9c21-2c8cad192c66,Eagle,Summit
59e17405-befd-41de-88ad-fe626c703a27,Mercury,Mystique
779fa0b3-cbd0-41fc-bf8b-2ffa33648c72,Infiniti,EX
18f094c0-baaa-460e-9307-36ac019236c5,Mitsubishi,3000GT
f44c8d46-a7ad-4a52-9769-f1cc86964eaa,Chevrolet,Silverado 1500
9eaf6d64-9c3a-487e-ac68-a36faced9a09,Oldsmobile,Bravada
34fae8d7-fd52-4601-8f23-496e3a786d24,Scion,tC
f6aff980-d872-4e61-9c58-3d66ca9c7cee,Ford,ZX2
61602bab-6a49-484a-9c82-ae1d2c720457,Hummer,H1
1c06ca01-2c99-40cd-8d96-6340a983a772,Chevrolet,Astro
b7999951-d4f3-48db-b77c-ad4c9cd86e7c,Ford,Crown Victoria
9c126a15-8f26-47e0-9046-137ff79dd412,Mazda,Mazda5
aafa2d2e-1e49-4a02-bc03-2b0833e0e90c,Oldsmobile,Ciera
3be11892-e25b-4c78-b7f5-d55cc4b17d30,Oldsmobile,Intrigue
24e52aa8-6735-4b1e-92fe-3c01b4f44614,Volkswagen,GTI
85d1ac6e-aa53-41db-8644-2a05e44bcc46,Ford,Escort
da66f00d-6b32-40b5-b2d7-2ce4de7f07dd,Audi,S6
57c2e38e-bb64-4b85-976d-8fe7c2eb584f,GMC,Rally Wagon 1500
22404327-d3ec-4ddc-9cf1-1ee4a21a09dc,Ford,Festiva
fed884a1-56cc-452a-8bc4-003f1d8e016f,Porsche,Cayenne
b00bed8f-6edd-4d23-b78b-c9b8f57203b3,Mercedes-Benz,300SE
5be87033-8861-4109-853a-4f48d468a223,Chevrolet,Express 1500
eaa0785c-6697-4c3f-b3bf-07d7497ed7c9,Chevrolet,Suburban 1500
df6027c8-2842-4bf9-97cf-1ba6b4d01126,Infiniti,G35
c5962fb7-3779-4a2d-a7f6-51500bb450ea,Chevrolet,S10
2e98ab88-e7a1-4c61-9c80-74e7cbf72bcf,Lexus,LS
f38ffff0-4a5c-46b6-8829-76c642f9760c,Dodge,Challenger
ae9422cd-f278-46d5-a839-8a6a0a215a15,Ford,Econoline E350
5c37c620-b05e-4390-810c-be06844cf80b,Ford,F-250 Super Duty
b83b1d51-405f-42fd-b84c-5e08606eef74,Volkswagen,Type 2
0907480b-dcdb-4f64-a540-f1aa5c489c89,Suzuki,Daewoo Magnus
3bba8de1-2fb8-4711-8023-286e97644746,Maybach,57
44d8f502-7245-4413-8e93-d2437b545aaa,GMC,Sierra 1500
fb346902-f0d9-468a-b601-c9a09a6c2f0d,Volkswagen,Golf
26e0dfaa-ff52-4878-8108-dd7074ffa84b,GMC,1500
65b08134-df69-46d1-9201-93f55250b429,Mercedes-Benz,SLK55 AMG
874d8a47-615c-4b69-80a0-a0eb8165a4a3,Pontiac,Solstice
22170e0a-a92e-44cf-b24c-4515ab05b317,Mazda,RX-7
7e9ca6e2-53c1-4805-96b3-b9edfd1d134e,GMC,Terrain
39329007-3a1e-40dc-a706-93a3701d39f6,Maybach,62
ceb3c75e-410a-451f-8bbd-b70baa458db0,Kia,Soul
2c846ee5-f2a8-4216-8c0e-c645a4630a33,Buick,LeSabre
fe13cd17-7d06-4f8f-a15a-5385a9ce4458,BMW,6 Series
5def280f-eaae-49af-8052-0104679356e2,Pontiac,Montana
092b44fb-4658-4334-89ec-ac4ff4f0b328,GMC,Sonoma Club
e27eb3ff-7596-43c7-9a9a-69303fc94578,Mitsubishi,Lancer
f1379f60-1e00-45bf-93bb-3e851dee7bf5,Ford,Fiesta
f0108de4-526c-4539-91ac-5b3278bc4a4d,Ford,E250
909d38c8-7c22-407f-ba97-9b572177b26f,Isuzu,Axiom
f829c7a4-2661-451f-b198-c6f53e71c33d,GMC,2500 Club Coupe
139d3382-d917-4dad-8932-71c4742faaa6,Kia,Sorento
2423a6f9-7d38-40d2-b342-05c7a5eea287,Plymouth,Colt
ea9b9be5-bc48-415c-bd19-0513af1df1a0,Porsche,944
759ba9ef-081f-4fd5-81b5-42936618e45f,Nissan,Murano
60a1ec26-f1dc-4592-9924-1d10bfacf1b1,BMW,M5
3bae6b5c-fbb9-488e-b182-1a0f65a5870c,Ram,2500
ded6ba57-9759-4ae4-8da3-19a7cd0a6ad6,Dodge,Ram Van B150
337aeb8c-b39c-4af7-ab62-da373b3c6510,Plymouth,Prowler
ed62b3e7-fcff-43dd-a423-fb6a98baccbc,Suzuki,SJ
fbb07a32-ffed-4131-b0e9-24adf8b1d142,Volkswagen,Jetta III
b87a5abd-5758-47c4-999e-57e3e951f39b,Ferrari,F430
b6f18dea-f911-4eba-80aa-b665d089541b,Saab,9-7X
9148829f-857f-4f30-a941-6bc1a80759f0,Lamborghini,Murci√©lago
180238c1-fa24-4902-9d3c-0e79fbf665a6,Lexus,GX
e4cf5462-6b6f-4479-9e82-a1fe3bb7a581,Chrysler,New Yorker
d213445f-9136-44c8-a0c8-68bd6d35c003,Dodge,Grand Caravan
26d76141-e32a-4e29-9829-4ce543a7eb08,Acura,TSX
4ada779e-1b66-443c-b00b-3e7ed17afbed,GMC,Sierra 3500
a1ca3ad5-a633-4277-82fd-625d44104d17,MINI,Cooper Clubman
1efab886-024a-44cf-986c-167f05231d34,Lincoln,Continental Mark VII
864c6b9a-2474-4329-9e46-0b6faffdbb5e,Oldsmobile,LSS
b57c11b4-fef9-4daa-bd23-40c10f2d8e51,Toyota,Camry Solara
b1bde7f8-561d-4450-8234-0ff308fa9a3f,Honda,Passport
d13cabfc-0edd-4529-876a-d9336fe7df81,Mercedes-Benz,Sprinter
33ef21c7-92bd-4152-aebc-55b4985a1d99,Hyundai,Tiburon
ebdcb625-778a-427c-94c3-5e2344774594,Mitsubishi,Endeavor
a56d636f-d5e4-4c6b-9d9b-6fa7106892d7,Mitsubishi,Eclipse
366a06b7-db6d-4794-9a6d-53e0935565f3,Chevrolet,Colorado
717ff67c-6aaf-4861-9dd1-41fe426c7c81,Volkswagen,Cabriolet
6cea3d48-1383-4f22-b45e-4c2711243b4f,Pontiac,Firebird
f0716e4e-b2c3-4e0a-9cc0-44edac657dad,Toyota,T100 Xtra
92c2a975-6fc3-4baa-886a-c03acbd6134c,Lincoln,MKX
43073b24-dc17-4640-b9d9-f61a79b8bb1b,Dodge,Ram Van 2500
ca6f4a6c-b907-482a-8333-d2f59c4957b5,Pontiac,G8
71f3ff3a-290d-4464-8caf-983ed950b977,Mitsubishi,Raider
25c0e48d-b6ac-4c79-ad41-b6958088e3d3,Daewoo,Leganza
4f2fcfb0-e16f-4d0e-b606-f7188e611898,Volkswagen,R32
e26ff0d1-0b68-4472-aada-3ad16e5f4cea,Fiat,500
64fc1759-fcf4-498e-b0e2-16a868c94f40,Smart,Fortwo
ce29d6ff-fb7e-4850-a297-4d60a84abf5b,Volkswagen,Quantum
011dcd0e-4d25-4784-9d89-ca17cf4ce541,Toyota,Camry Hybrid
98c575bc-9cb0-46cf-88bf-08c41c62d03d,Pontiac,Sunbird
484d92d9-0af9-4abd-b2f5-4570b04e2638,Jaguar,X-Type
80e4046f-8714-429e-819c-6b63f386c35b,Subaru,Leone
74514941-8f9c-41cc-9ac9-250f4f7784d5,GMC,Yukon XL 1500
e279a07f-340a-4be3-bb7d-2a0d73a9681f,Lincoln,MKS
4392d906-10c1-4978-a88e-24eac7f58791,Ford,Ranger
96a1a535-6299-425a-a49f-820717781186,Honda,S2000
2099fdfc-7ed4-4316-b928-6667a44b4c91,Infiniti,G37
4f5fe2ac-e496-44b6-bf99-bfd3ebe9b142,Chevrolet,Cruze
c8f7ef48-ee27-444d-aa44-4548941b15f1,Corbin,Sparrow
46715897-eeb1-4620-84b8-1899b7063263,Pontiac,Gemini
459db150-cc50-4555-9f4f-96eacbb498ea,Hyundai,Excel
15c8f364-b5db-4a70-8acd-9e1ea43006d1,Volkswagen,Golf III
defdce7f-a1aa-4b76-ae7a-e960f734f547,Plymouth,Horizon
10a54f9a-4dcb-4d4f-bd63-0a82d2f17193,Lotus,Exige
b9ee91b5-7307-48b9-9795-dfc1f3cb5340,Plymouth,Breeze
a46f3119-00b9-46f2-ba47-4fb58eb6f344,Ford,Expedition EL
3441d562-7ac4-4ba6-8aac-84e60abb0f8f,Volkswagen,Phaeton
1ff7d57a-7c00-40dd-bdce-439586a3d9e0,Toyota,Previa
db5b8bda-bd6a-42e0-81e6-f99fcb5f2f60,Nissan,Quest
8a21953b-32a0-46f4-a030-6b27e8338325,Mercury,Monterey
5aab1bdf-f9fe-453a-ac97-33032cd0e1bb,Volkswagen,Jetta
9440d0ef-abaf-4242-bf25-952cfdb7fdae,Lincoln,Continental
7e5db194-1cfb-429a-ab15-fc92dd94f0e8,Honda,Civic Si
bd5a48e3-2bff-441a-b65f-4f95008b0c4e,Buick,Skylark
cacf2ff5-cc43-433f-9d85-c5d0186a1d2f,Chevrolet,Tracker
b8df01dc-bea0-4439-9ef0-2a3b4edad2dd,Infiniti,I
5170cc1e-557a-4aa7-ad31-e0619e47a2f3,Audi,S8
40ce780c-ab85-4cc0-9717-c3dcb581dd9a,Jaguar,S-Type
349d537d-7028-41c4-a93f-95a9300a79ca,Mitsubishi,Precis
81841804-537f-4059-a6fb-90f8d65315ac,BMW,325
7d808645-6df4-4767-8d5b-03279fcdcbbc,Chevrolet,Sportvan G20
28b1b5ac-2ade-4734-887b-dcc6df95bc83,GMC,Canyon
8f9887ab-3507-4efb-b5cd-27f8a6fe9059,Acura,SLX
a4f7fc5c-a55a-446f-aecb-6f142842eb67,Cadillac,Escalade EXT
19ba1a5e-8083-4fca-9efe-11b43a333ab2,Mitsubishi,Truck
779e91b6-a8e9-4846-ba53-1b570f7e2b95,BMW,Z4 M
bf5b981e-a38f-477a-bad5-113bae0f3139,Mercedes-Benz,Sprinter 2500
2b6e55e3-b841-4b65-8403-e89fe1087357,Isuzu,Trooper
1fb938a4-9cda-4fcb-8ef4-914b6fcd4b13,Jeep,Liberty
b9b1019a-b527-4d20-a235-2abc372a98fc,Mercedes-Benz,GLK-Class
de8198a5-7ec3-440e-a198-f48d215ffbd7,Buick,Somerset
9cbd1f70-7ed8-4be8-a709-04dc814e6313,Chevrolet,Sportvan G10
7f5f6a04-6fb4-4191-812f-27a05db72f3c,Mitsubishi,Excel
836cc00b-75bc-4b5b-89be-c9fd9a916029,Mercury,Tracer
aafe63d7-1e64-4fbf-b578-1a90c5cde9aa,Infiniti,FX
995813d2-0146-4cd4-a423-201630479814,GMC,Acadia
bc7fac4b-8b04-4475-a312-0331b9c54123,Porsche,924
606d02c3-5102-444d-9dad-7c3af85229a0,Acura,RSX
f5e6ee9b-f0d0-4bc5-aad5-f85b4ef46795,Chevrolet,Express 3500
069c6d09-147a-4c65-90e3-184638d4f873,Dodge,Ram Van 3500
756044b1-11b0-42a2-aaff-877e355b9195,Ford,F-Series
92e51a89-ee5e-4515-94e7-27bf05e6d615,Chevrolet,Avalanche 1500
a3f385d8-24d9-49f3-a081-6ae8b99ccf79,Ford,E-Series
58ff83b2-c5fc-4db9-abde-928aabb2da7c,Lotus,Esprit
9cb4054c-5499-4617-a0b7-6892a86350a4,Mitsubishi,Mirage
a1664ec9-ed29-4d10-b0fa-f424a2f7d22b,GMC,Yukon XL 2500
d0a7bac5-def2-4fe9-b29a-7f9a3e2257cd,Toyota,Matrix
644c7319-7327-409e-a03f-6a7df4216d19,GMC,Savana 2500
f5518e4b-40d0-4481-9c65-aa8d617cf349,Volkswagen,riolet
70d0fc65-6d0b-4b27-83dd-d59510a59bec,Chrysler,Crossfire Roadster
576e82c8-f159-434a-9957-6472fa7cd376,BMW,3 Series
a8991e4a-1cb0-4422-884c-1892987c6179,Pontiac,Vibe
1a4f388b-efed-40f6-b30c-a7e306a3380c,Ford,Explorer Sport Trac
74ba80fd-1a26-459f-a8e7-7bbffc55536c,Volvo,C70
fbb60933-026d-459e-9580-ca171a7d7703,Land Rover,Range Rover Sport
922935a7-e6c1-417a-8c09-f15fcef36c31,Pontiac,Sunfire
22cf4e4a-6c7b-4bb9-8601-353f6e91ad4b,Subaru,Legacy
9a994fe3-595a-4ea4-81cb-084ef9e8254d,BMW,M3
72e795a4-bbee-4490-af8b-3c0b43425359,Mazda,Navajo
e9f3344c-01f5-4d5b-9a43-d66b803486aa,Buick,Enclave
a5390883-73be-4531-b087-830b18cccfdd,Mazda,Miata MX-5
8461076b-0b1c-406e-a266-0926def36a60,Jeep,Compass
3d48ca54-fcca-46f0-a0cd-ac587331c92f,Eagle,Talon
d3316b25-6721-4b3f-9e95-3b3eb3df11cd,Audi,A4
26049904-a7c7-4e16-8967-8b637020cf46,Mercedes-Benz,E-Class
c96d15f3-b969-4963-98d0-9fc11df6c5c4,Toyota,Solara
7c2ce8f7-070c-4715-968e-1188a5fbb186,Chrysler,PT Cruiser
bce461b2-f1f8-4e2b-b859-deb6cb93f843,Mazda,RX-8
8c471c94-7442-446f-8806-f5d65f4b05db,Plymouth,Laser
01c35365-6494-46f0-8015-f84baa3db565,Chevrolet,Silverado
c3db138d-0747-469b-b91b-b23dc077111f,Chevrolet,Express 2500
b0359986-cb7a-4659-a78a-a1e780d285e9,Acura,Integra
a87097ab-344a-4566-8659-571ba0440c39,Audi,90
122f8b47-c408-41c6-8f70-d93202546378,Volvo,850
c6212c35-f741-453a-8407-9215ec8f4538,Chevrolet,Avalanche
9c779904-b1fd-4f5a-94fa-33a805beaef5,Toyota,RAV4
e57c3b9c-55ec-4823-b1d5-75b7d3e06762,Land Rover,Range Rover
e340f70a-d7ad-4fc4-befd-16929e489dd6,Mitsubishi,Expo
a214bde6-1141-4701-bf44-affaeba6757d,Nissan,Altima
bb7e1472-a86f-4800-9211-2f5cebd7ba26,Mercedes-Benz,SLK-Class
631492b3-9021-40db-9670-ddf8bc34ad01,Mercury,Sable
be3318a2-0ea2-48cf-9d3d-ec669f03ad4e,Nissan,Versa
d15cac04-15c5-4a9f-a9c5-c7ff23d26406,Kia,Sportage
aa8bdfa9-54ab-4cbf-8e5d-1e0fab6d21e4,Cadillac,Escalade ESV
3eda5ba6-8dc9-4da9-bb27-0c1b9db5e065,Mercury,Villager
73f36c12-f13e-45c7-bed4-0cbbd7d27955,Infiniti,QX
f0c1343e-b08c-414d-8b60-47472c3a0ed3,Chevrolet,Traverse
dc0f556d-0799-4caf-a423-9d4d7063d8ab,Hyundai,Veloster
9ab8518e-13b0-43e6-8a22-e9af70771761,Nissan,Titan
4de10688-f384-46a9-920e-41dfa4bd36d4,Volkswagen,rio
ec64b6dd-b540-4ba3-9224-71d8244bcc11,Ford,Mustang
c9733f70-7b2a-4841-a9cc-9e33e55e9835,Honda,CR-Z
71abca15-24ad-4895-80e6-9e31a0db5275,Ford,Explorer Sport
